"filename", "language", "Docker", "Markdown", "Doxyfile", "C++", "JSON", "Go", "Shell Script", "Makefile", "comment", "blank", "total"
"e:\BaiduSyncdisk\OCI\Code.go", "Go", 0, 0, 0, 0, 0, 10, 0, 0, 0, 1, 11
"e:\BaiduSyncdisk\OCI\Dockerfile", "Docker", 2, 0, 0, 0, 0, 0, 0, 0, 15, 7, 24
"e:\BaiduSyncdisk\OCI\Doxyfile", "Doxyfile", 0, 0, 358, 0, 0, 0, 0, 0, 1929, 616, 2903
"e:\BaiduSyncdisk\OCI\Makefile", "Makefile", 0, 0, 0, 0, 0, 0, 0, 48, 35, 20, 103
"e:\BaiduSyncdisk\OCI\README.md", "Markdown", 0, 14, 0, 0, 0, 0, 0, 0, 0, 5, 19
"e:\BaiduSyncdisk\OCI\app\my_script.sh", "Shell Script", 0, 0, 0, 0, 0, 0, 1, 0, 2, 2, 5
"e:\BaiduSyncdisk\OCI\busybox\index.json", "JSON", 0, 0, 0, 0, 13, 0, 0, 0, 0, 0, 13
"e:\BaiduSyncdisk\OCI\execute\alltransports\alltransports.cpp", "C++", 0, 0, 0, 15, 0, 0, 0, 0, 7, 3, 25
"e:\BaiduSyncdisk\OCI\execute\attributedstring\slice.cpp", "C++", 0, 0, 0, 15, 0, 0, 0, 0, 0, 2, 17
"e:\BaiduSyncdisk\OCI\execute\auth\auth.cpp", "C++", 0, 0, 0, 10, 0, 0, 0, 0, 5, 3, 18
"e:\BaiduSyncdisk\OCI\execute\blobcache\blobcache.cpp", "C++", 0, 0, 0, 4, 0, 0, 0, 0, 0, 3, 7
"e:\BaiduSyncdisk\OCI\execute\buildah\buildah.cpp", "C++", 0, 0, 0, 260, 0, 0, 0, 0, 2, 18, 280
"e:\BaiduSyncdisk\OCI\execute\buildah\common.cpp", "C++", 0, 0, 0, 42, 0, 0, 0, 0, 1, 6, 49
"e:\BaiduSyncdisk\OCI\execute\buildah\config.cpp", "C++", 0, 0, 0, 4, 0, 0, 0, 0, 0, 1, 5
"e:\BaiduSyncdisk\OCI\execute\buildah\digester.cpp", "C++", 0, 0, 0, 36, 0, 0, 0, 0, 2, 2, 40
"e:\BaiduSyncdisk\OCI\execute\buildah\image.cpp", "C++", 0, 0, 0, 20, 0, 0, 0, 0, 0, 3, 23
"e:\BaiduSyncdisk\OCI\execute\buildah\new.cpp", "C++", 0, 0, 0, 43, 0, 0, 0, 0, 2, 1, 46
"e:\BaiduSyncdisk\OCI\execute\buildah\push.cpp", "C++", 0, 0, 0, 16, 0, 0, 0, 0, 0, 1, 17
"e:\BaiduSyncdisk\OCI\execute\buildah\util.cpp", "C++", 0, 0, 0, 24, 0, 0, 0, 0, 0, 2, 26
"e:\BaiduSyncdisk\OCI\execute\capabilities\capabilities.cpp", "C++", 0, 0, 0, 1, 0, 0, 0, 0, 0, 1, 2
"e:\BaiduSyncdisk\OCI\execute\cgroupv2\cgroups_linux.cpp", "C++", 0, 0, 0, 26, 0, 0, 0, 0, 2, 3, 31
"e:\BaiduSyncdisk\OCI\execute\cli\build.cpp", "C++", 0, 0, 0, 220, 0, 0, 0, 0, 30, 18, 268
"e:\BaiduSyncdisk\OCI\execute\cli\common.cpp", "C++", 0, 0, 0, 127, 0, 0, 0, 0, 149, 31, 307
"e:\BaiduSyncdisk\OCI\execute\cobra\args.cpp", "C++", 0, 0, 0, 10, 0, 0, 0, 0, 7, 0, 17
"e:\BaiduSyncdisk\OCI\execute\cobra\command.cpp", "C++", 0, 0, 0, 529, 0, 0, 0, 0, 314, 24, 867
"e:\BaiduSyncdisk\OCI\execute\cobra\error.cpp", "C++", 0, 0, 0, 1, 0, 0, 0, 0, 0, 2, 3
"e:\BaiduSyncdisk\OCI\execute\cobra\flag.cpp", "C++", 0, 0, 0, 346, 0, 0, 0, 0, 328, 13, 687
"e:\BaiduSyncdisk\OCI\execute\config\config.cpp", "C++", 0, 0, 0, 63, 0, 0, 0, 0, 39, 11, 113
"e:\BaiduSyncdisk\OCI\execute\config\config_local.cpp", "C++", 0, 0, 0, 4, 0, 0, 0, 0, 0, 1, 5
"e:\BaiduSyncdisk\OCI\execute\config\default_linux.cpp", "C++", 0, 0, 0, 57, 0, 0, 0, 0, 17, 10, 84
"e:\BaiduSyncdisk\OCI\execute\config\defaut.cpp", "C++", 0, 0, 0, 398, 0, 0, 0, 0, 57, 29, 484
"e:\BaiduSyncdisk\OCI\execute\config\new.cpp", "C++", 0, 0, 0, 201, 0, 0, 0, 0, 72, 40, 313
"e:\BaiduSyncdisk\OCI\execute\config\pod_exit_policy.cpp", "C++", 0, 0, 0, 1, 0, 0, 0, 0, 0, 1, 2
"e:\BaiduSyncdisk\OCI\execute\define\build.cpp", "C++", 0, 0, 0, 47, 0, 0, 0, 0, 19, 3, 69
"e:\BaiduSyncdisk\OCI\execute\define\namespace.cpp", "C++", 0, 0, 0, 6, 0, 0, 0, 0, 9, 0, 15
"e:\BaiduSyncdisk\OCI\execute\define\pull.cpp", "C++", 0, 0, 0, 29, 0, 0, 0, 0, 14, 4, 47
"e:\BaiduSyncdisk\OCI\execute\define\types.cpp", "C++", 0, 0, 0, 20, 0, 0, 0, 0, 21, 2, 43
"e:\BaiduSyncdisk\OCI\execute\digest\algorithm.cpp", "C++", 0, 0, 0, 37, 0, 0, 0, 0, 24, 10, 71
"e:\BaiduSyncdisk\OCI\execute\digest\digest.cpp", "C++", 0, 0, 0, 57, 0, 0, 0, 0, 8, 2, 67
"e:\BaiduSyncdisk\OCI\execute\digest\digester.cpp", "C++", 0, 0, 0, 4, 0, 0, 0, 0, 0, 2, 6
"e:\BaiduSyncdisk\OCI\execute\digest\verifier.cpp", "C++", 0, 0, 0, 7, 0, 0, 0, 0, 2, 0, 9
"e:\BaiduSyncdisk\OCI\execute\docker\docker_transport.cpp", "C++", 0, 0, 0, 54, 0, 0, 0, 0, 2, 5, 61
"e:\BaiduSyncdisk\OCI\execute\fmt\print.cpp", "C++", 0, 0, 0, 1, 0, 0, 0, 0, 23, 6, 30
"e:\BaiduSyncdisk\OCI\execute\go\file.cpp", "C++", 0, 0, 0, 51, 0, 0, 0, 0, 51, 6, 108
"e:\BaiduSyncdisk\OCI\execute\go\sha256.cpp", "C++", 0, 0, 0, 120, 0, 0, 0, 0, 21, 18, 159
"e:\BaiduSyncdisk\OCI\execute\go\sha256_test.cpp", "C++", 0, 0, 0, 36, 0, 0, 0, 0, 10, 7, 53
"e:\BaiduSyncdisk\OCI\execute\go\string.cpp", "C++", 0, 0, 0, 94, 0, 0, 0, 0, 20, 7, 121
"e:\BaiduSyncdisk\OCI\execute\go\time.cpp", "C++", 0, 0, 0, 13, 0, 0, 0, 0, 1, 4, 18
"e:\BaiduSyncdisk\OCI\execute\graphdriver\driver.cpp", "C++", 0, 0, 0, 98, 0, 0, 0, 0, 32, 19, 149
"e:\BaiduSyncdisk\OCI\execute\idtools\idtools.cpp", "C++", 0, 0, 0, 7, 0, 0, 0, 0, 8, 3, 18
"e:\BaiduSyncdisk\OCI\execute\imagebuildah\build.cpp", "C++", 0, 0, 0, 203, 0, 0, 0, 0, 18, 21, 242
"e:\BaiduSyncdisk\OCI\execute\imagebuildah\executor.cpp", "C++", 0, 0, 0, 627, 0, 0, 0, 0, 138, 53, 818
"e:\BaiduSyncdisk\OCI\execute\imagebuildah\stage_executor.cpp", "C++", 0, 0, 0, 397, 0, 0, 0, 0, 10, 52, 459
"e:\BaiduSyncdisk\OCI\execute\imagebuildah\util.cpp", "C++", 0, 0, 0, 9, 0, 0, 0, 0, 0, 0, 9
"e:\BaiduSyncdisk\OCI\execute\imagebuilder\builder.cpp", "C++", 0, 0, 0, 335, 0, 0, 0, 0, 42, 46, 423
"e:\BaiduSyncdisk\OCI\execute\imagebuilder\dispatchers.cpp", "C++", 0, 0, 0, 281, 0, 0, 0, 0, 66, 34, 381
"e:\BaiduSyncdisk\OCI\execute\imagebuilder\evaluator.cpp", "C++", 0, 0, 0, 80, 0, 0, 0, 0, 22, 12, 114
"e:\BaiduSyncdisk\OCI\execute\imagebuilder\internals.cpp", "C++", 0, 0, 0, 119, 0, 0, 0, 0, 22, 23, 164
"e:\BaiduSyncdisk\OCI\execute\imagebuilder\shell_parser.cpp", "C++", 0, 0, 0, 227, 0, 0, 0, 0, 25, 34, 286
"e:\BaiduSyncdisk\OCI\execute\init\init.cpp", "C++", 0, 0, 0, 8, 0, 0, 0, 0, 13, 2, 23
"e:\BaiduSyncdisk\OCI\execute\init\init_cmd.cpp", "C++", 0, 0, 0, 8, 0, 0, 0, 0, 0, 2, 10
"e:\BaiduSyncdisk\OCI\execute\init\init_global.cpp", "C++", 0, 0, 0, 192, 0, 0, 0, 0, 10, 15, 217
"e:\BaiduSyncdisk\OCI\execute\internal\types.cpp", "C++", 0, 0, 0, 1, 0, 0, 0, 0, 21, 4, 26
"e:\BaiduSyncdisk\OCI\execute\libimage\pull.cpp", "C++", 0, 0, 0, 1, 0, 0, 0, 0, 0, 2, 3
"e:\BaiduSyncdisk\OCI\execute\libimage\runtime.cpp", "C++", 0, 0, 0, 27, 0, 0, 0, 0, 0, 4, 31
"e:\BaiduSyncdisk\OCI\execute\lockfile\lastwrite.cpp", "C++", 0, 0, 0, 19, 0, 0, 0, 0, 7, 6, 32
"e:\BaiduSyncdisk\OCI\execute\lockfile\lockfile.cpp", "C++", 0, 0, 0, 211, 0, 0, 0, 0, 90, 47, 348
"e:\BaiduSyncdisk\OCI\execute\logrus\alt_exit.cpp", "C++", 0, 0, 0, 14, 0, 0, 0, 0, 4, 4, 22
"e:\BaiduSyncdisk\OCI\execute\logrus\bufferpool.cpp", "C++", 0, 0, 0, 1, 0, 0, 0, 0, 2, 0, 3
"e:\BaiduSyncdisk\OCI\execute\logrus\entry.cpp", "C++", 0, 0, 0, 337, 0, 0, 0, 0, 66, 56, 459
"e:\BaiduSyncdisk\OCI\execute\logrus\exported.cpp", "C++", 0, 0, 0, 148, 0, 0, 0, 0, 7, 3, 158
"e:\BaiduSyncdisk\OCI\execute\logrus\hooks.cpp", "C++", 0, 0, 0, 17, 0, 0, 0, 0, 15, 3, 35
"e:\BaiduSyncdisk\OCI\execute\logrus\logger.cpp", "C++", 0, 0, 0, 307, 0, 0, 0, 0, 37, 64, 408
"e:\BaiduSyncdisk\OCI\execute\logrus\logrus.cpp", "C++", 0, 0, 0, 73, 0, 0, 0, 0, 0, 4, 77
"e:\BaiduSyncdisk\OCI\execute\main.cpp", "C++", 0, 0, 0, 19, 0, 0, 0, 0, 28, 4, 51
"e:\BaiduSyncdisk\OCI\execute\main\build.cpp", "C++", 0, 0, 0, 247, 0, 0, 0, 0, 90, 19, 356
"e:\BaiduSyncdisk\OCI\execute\main\config.cpp", "C++", 0, 0, 0, 15, 0, 0, 0, 0, 36, 4, 55
"e:\BaiduSyncdisk\OCI\execute\main\images.cpp", "C++", 0, 0, 0, 15, 0, 0, 0, 0, 21, 4, 40
"e:\BaiduSyncdisk\OCI\execute\main\info.cpp", "C++", 0, 0, 0, 11, 0, 0, 0, 0, 19, 2, 32
"e:\BaiduSyncdisk\OCI\execute\main\inspect.cpp", "C++", 0, 0, 0, 11, 0, 0, 0, 0, 19, 2, 32
"e:\BaiduSyncdisk\OCI\execute\main\login.cpp", "C++", 0, 0, 0, 13, 0, 0, 0, 0, 21, 3, 37
"e:\BaiduSyncdisk\OCI\execute\main\logout.cpp", "C++", 0, 0, 0, 13, 0, 0, 0, 0, 21, 3, 37
"e:\BaiduSyncdisk\OCI\execute\main\pull.cpp", "C++", 0, 0, 0, 17, 0, 0, 0, 0, 21, 4, 42
"e:\BaiduSyncdisk\OCI\execute\main\push.cpp", "C++", 0, 0, 0, 15, 0, 0, 0, 0, 21, 3, 39
"e:\BaiduSyncdisk\OCI\execute\main\rmi.cpp", "C++", 0, 0, 0, 11, 0, 0, 0, 0, 19, 2, 32
"e:\BaiduSyncdisk\OCI\execute\main\root.cpp", "C++", 0, 0, 0, 46, 0, 0, 0, 0, 21, 10, 77
"e:\BaiduSyncdisk\OCI\execute\main\tag.cpp", "C++", 0, 0, 0, 12, 0, 0, 0, 0, 19, 2, 33
"e:\BaiduSyncdisk\OCI\execute\main\version.cpp", "C++", 0, 0, 0, 13, 0, 0, 0, 0, 21, 3, 37
"e:\BaiduSyncdisk\OCI\execute\manifest\manifest.cpp", "C++", 0, 0, 0, 4, 0, 0, 0, 0, 0, 3, 7
"e:\BaiduSyncdisk\OCI\execute\multierror\group.cpp", "C++", 0, 0, 0, 18, 0, 0, 0, 0, 32, 3, 53
"e:\BaiduSyncdisk\OCI\execute\parse\buildkitparser.cpp", "C++", 0, 0, 0, 56, 0, 0, 0, 0, 4, 10, 70
"e:\BaiduSyncdisk\OCI\execute\parse\dockerfileparse.cpp", "C++", 0, 0, 0, 296, 0, 0, 0, 0, 70, 47, 413
"e:\BaiduSyncdisk\OCI\execute\parse\line_parsers.cpp", "C++", 0, 0, 0, 385, 0, 0, 0, 0, 33, 51, 469
"e:\BaiduSyncdisk\OCI\execute\parse\parse.cpp", "C++", 0, 0, 0, 386, 0, 0, 0, 0, 131, 65, 582
"e:\BaiduSyncdisk\OCI\execute\parse\split_command.cpp", "C++", 0, 0, 0, 103, 0, 0, 0, 0, 6, 10, 119
"e:\BaiduSyncdisk\OCI\execute\pflag\value.cpp", "C++", 0, 0, 0, 165, 0, 0, 0, 0, 203, 4, 372
"e:\BaiduSyncdisk\OCI\execute\reference\normalize.cpp", "C++", 0, 0, 0, 48, 0, 0, 0, 0, 13, 13, 74
"e:\BaiduSyncdisk\OCI\execute\reference\reference.cpp", "C++", 0, 0, 0, 73, 0, 0, 0, 0, 6, 3, 82
"e:\BaiduSyncdisk\OCI\execute\reference\regexp.cpp", "C++", 0, 0, 0, 0, 0, 0, 0, 0, 0, 1, 1
"e:\BaiduSyncdisk\OCI\execute\regexp\regexp.cpp", "C++", 0, 0, 0, 247, 0, 0, 0, 0, 37, 54, 338
"e:\BaiduSyncdisk\OCI\execute\selinux\selinux.cpp", "C++", 0, 0, 0, 8, 0, 0, 0, 0, 0, 0, 8
"e:\BaiduSyncdisk\OCI\execute\selinux\selinux_linux.cpp", "C++", 0, 0, 0, 43, 0, 0, 0, 0, 23, 12, 78
"e:\BaiduSyncdisk\OCI\execute\semaphore\semaphore.cpp", "C++", 0, 0, 0, 69, 0, 0, 0, 0, 30, 18, 117
"e:\BaiduSyncdisk\OCI\execute\shell\lex.cpp", "C++", 0, 0, 0, 312, 0, 0, 0, 0, 14, 32, 358
"e:\BaiduSyncdisk\OCI\execute\signature\policy_config.cpp", "C++", 0, 0, 0, 29, 0, 0, 0, 0, 1, 7, 37
"e:\BaiduSyncdisk\OCI\execute\signature\policy_eval.cpp", "C++", 0, 0, 0, 6, 0, 0, 0, 0, 0, 4, 10
"e:\BaiduSyncdisk\OCI\execute\signature\policy_types.cpp", "C++", 0, 0, 0, 1, 0, 0, 0, 0, 0, 0, 1
"e:\BaiduSyncdisk\OCI\execute\storage\images.cpp", "C++", 0, 0, 0, 42, 0, 0, 0, 0, 9, 4, 55
"e:\BaiduSyncdisk\OCI\execute\storage\path.cpp", "C++", 0, 0, 0, 83, 0, 0, 0, 0, 15, 13, 111
"e:\BaiduSyncdisk\OCI\execute\storage\storage.cpp", "C++", 0, 0, 0, 632, 0, 0, 0, 0, 230, 153, 1015
"e:\BaiduSyncdisk\OCI\execute\storage\storage_reference.cpp", "C++", 0, 0, 0, 23, 0, 0, 0, 0, 0, 2, 25
"e:\BaiduSyncdisk\OCI\execute\storage\storage_transport.cpp", "C++", 0, 0, 0, 12, 0, 0, 0, 0, 3, 7, 22
"e:\BaiduSyncdisk\OCI\execute\storage\store.cpp", "C++", 0, 0, 0, 0, 0, 0, 0, 0, 0, 3, 3
"e:\BaiduSyncdisk\OCI\execute\toml\decode.cpp", "C++", 0, 0, 0, 1, 0, 0, 0, 0, 0, 1, 2
"e:\BaiduSyncdisk\OCI\execute\transports\transports.cpp", "C++", 0, 0, 0, 32, 0, 0, 0, 0, 1, 1, 34
"e:\BaiduSyncdisk\OCI\execute\types\options.cpp", "C++", 0, 0, 0, 373, 0, 0, 0, 0, 185, 63, 621
"e:\BaiduSyncdisk\OCI\execute\unshare\unshare_linux.cpp", "C++", 0, 0, 0, 9, 0, 0, 0, 0, 2, 1, 12
"e:\BaiduSyncdisk\OCI\execute\util\util.cpp", "C++", 0, 0, 0, 83, 0, 0, 0, 0, 22, 11, 116
"e:\BaiduSyncdisk\OCI\execute\v1\descriptor.cpp", "C++", 0, 0, 0, 1, 0, 0, 0, 0, 6, 1, 8
"e:\BaiduSyncdisk\OCI\include\alltransports\alltransports.h", "C++", 0, 0, 0, 10, 0, 0, 0, 0, 0, 4, 14
"e:\BaiduSyncdisk\OCI\include\attributedstring\slice.h", "C++", 0, 0, 0, 15, 0, 0, 0, 0, 0, 3, 18
"e:\BaiduSyncdisk\OCI\include\auth\auth.h", "C++", 0, 0, 0, 7, 0, 0, 0, 0, 0, 2, 9
"e:\BaiduSyncdisk\OCI\include\blobcache\blobcache.h", "C++", 0, 0, 0, 15, 0, 0, 0, 0, 0, 4, 19
"e:\BaiduSyncdisk\OCI\include\buildah\buildah.h", "C++", 0, 0, 0, 158, 0, 0, 0, 0, 101, 42, 301
"e:\BaiduSyncdisk\OCI\include\buildah\commit.h", "C++", 0, 0, 0, 41, 0, 0, 0, 0, 25, 26, 92
"e:\BaiduSyncdisk\OCI\include\buildah\common.h", "C++", 0, 0, 0, 41, 0, 0, 0, 0, 0, 5, 46
"e:\BaiduSyncdisk\OCI\include\buildah\digester.h", "C++", 0, 0, 0, 30, 0, 0, 0, 0, 10, 8, 48
"e:\BaiduSyncdisk\OCI\include\buildah\image.h", "C++", 0, 0, 0, 50, 0, 0, 0, 0, 1, 3, 54
"e:\BaiduSyncdisk\OCI\include\buildah\new.h", "C++", 0, 0, 0, 7, 0, 0, 0, 0, 0, 4, 11
"e:\BaiduSyncdisk\OCI\include\buildah\push.h", "C++", 0, 0, 0, 9, 0, 0, 0, 0, 0, 3, 12
"e:\BaiduSyncdisk\OCI\include\buildah\util.h", "C++", 0, 0, 0, 20, 0, 0, 0, 0, 0, 3, 23
"e:\BaiduSyncdisk\OCI\include\bytes\buffer.h", "C++", 0, 0, 0, 27, 0, 0, 0, 0, 5, 5, 37
"e:\BaiduSyncdisk\OCI\include\capabilities\capabilities.h", "C++", 0, 0, 0, 3, 0, 0, 0, 0, 0, 4, 7
"e:\BaiduSyncdisk\OCI\include\cgroupv2\cgroups_linux.h", "C++", 0, 0, 0, 20, 0, 0, 0, 0, 2, 2, 24
"e:\BaiduSyncdisk\OCI\include\cli\build.h", "C++", 0, 0, 0, 124, 0, 0, 0, 0, 141, 9, 274
"e:\BaiduSyncdisk\OCI\include\cli\common.h", "C++", 0, 0, 0, 26, 0, 0, 0, 0, 13, 0, 39
"e:\BaiduSyncdisk\OCI\include\cobra\args.h", "C++", 0, 0, 0, 13, 0, 0, 0, 0, 11, 2, 26
"e:\BaiduSyncdisk\OCI\include\cobra\command.h", "C++", 0, 0, 0, 92, 0, 0, 0, 0, 50, 8, 150
"e:\BaiduSyncdisk\OCI\include\cobra\error.h", "C++", 0, 0, 0, 24, 0, 0, 0, 0, 19, 5, 48
"e:\BaiduSyncdisk\OCI\include\cobra\flag.h", "C++", 0, 0, 0, 81, 0, 0, 0, 0, 27, 5, 113
"e:\BaiduSyncdisk\OCI\include\config\config.h", "C++", 0, 0, 0, 226, 0, 0, 0, 0, 184, 142, 552
"e:\BaiduSyncdisk\OCI\include\config\config_local.h", "C++", 0, 0, 0, 4, 0, 0, 0, 0, 0, 4, 8
"e:\BaiduSyncdisk\OCI\include\config\default_linux.h", "C++", 0, 0, 0, 18, 0, 0, 0, 0, 0, 3, 21
"e:\BaiduSyncdisk\OCI\include\config\defaut.h", "C++", 0, 0, 0, 25, 0, 0, 0, 0, 1, 10, 36
"e:\BaiduSyncdisk\OCI\include\config\new.h", "C++", 0, 0, 0, 33, 0, 0, 0, 0, 5, 6, 44
"e:\BaiduSyncdisk\OCI\include\config\pod_exit_policy.h", "C++", 0, 0, 0, 11, 0, 0, 0, 0, 0, 5, 16
"e:\BaiduSyncdisk\OCI\include\context\context.h", "C++", 0, 0, 0, 54, 0, 0, 0, 0, 15, 13, 82
"e:\BaiduSyncdisk\OCI\include\copy\copy.h", "C++", 0, 0, 0, 53, 0, 0, 0, 0, 2, 9, 64
"e:\BaiduSyncdisk\OCI\include\define\build.h", "C++", 0, 0, 0, 184, 0, 0, 0, 0, 255, 13, 452
"e:\BaiduSyncdisk\OCI\include\define\namespace.h", "C++", 0, 0, 0, 18, 0, 0, 0, 0, 0, 2, 20
"e:\BaiduSyncdisk\OCI\include\define\pull.h", "C++", 0, 0, 0, 24, 0, 0, 0, 0, 0, 3, 27
"e:\BaiduSyncdisk\OCI\include\define\types.h", "C++", 0, 0, 0, 159, 0, 0, 0, 0, 69, 13, 241
"e:\BaiduSyncdisk\OCI\include\define\types_unix.h", "C++", 0, 0, 0, 15, 0, 0, 0, 0, 0, 1, 16
"e:\BaiduSyncdisk\OCI\include\devices\devices.h", "C++", 0, 0, 0, 30, 0, 0, 0, 0, 11, 10, 51
"e:\BaiduSyncdisk\OCI\include\digest\algorithm.h", "C++", 0, 0, 0, 30, 0, 0, 0, 0, 0, 3, 33
"e:\BaiduSyncdisk\OCI\include\digest\digest.h", "C++", 0, 0, 0, 28, 0, 0, 0, 0, 0, 3, 31
"e:\BaiduSyncdisk\OCI\include\digest\digester.h", "C++", 0, 0, 0, 13, 0, 0, 0, 0, 2, 4, 19
"e:\BaiduSyncdisk\OCI\include\digest\verifier.h", "C++", 0, 0, 0, 20, 0, 0, 0, 0, 0, 2, 22
"e:\BaiduSyncdisk\OCI\include\docker\container.h", "C++", 0, 0, 0, 10, 0, 0, 0, 0, 75, 6, 91
"e:\BaiduSyncdisk\OCI\include\docker\docker_transport.h", "C++", 0, 0, 0, 22, 0, 0, 0, 0, 1, 5, 28
"e:\BaiduSyncdisk\OCI\include\docker\types.h", "C++", 0, 0, 0, 96, 0, 0, 0, 0, 23, 21, 140
"e:\BaiduSyncdisk\OCI\include\fmt\print.h", "C++", 0, 0, 0, 8, 0, 0, 0, 0, 23, 8, 39
"e:\BaiduSyncdisk\OCI\include\go\context.h", "C++", 0, 0, 0, 48, 0, 0, 0, 0, 8, 11, 67
"e:\BaiduSyncdisk\OCI\include\go\file.h", "C++", 0, 0, 0, 17, 0, 0, 0, 0, 0, 6, 23
"e:\BaiduSyncdisk\OCI\include\go\hash.h", "C++", 0, 0, 0, 12, 0, 0, 0, 0, 4, 6, 22
"e:\BaiduSyncdisk\OCI\include\go\sha256.h", "C++", 0, 0, 0, 16, 0, 0, 0, 0, 11, 8, 35
"e:\BaiduSyncdisk\OCI\include\go\string.h", "C++", 0, 0, 0, 21, 0, 0, 0, 0, 10, 1, 32
"e:\BaiduSyncdisk\OCI\include\go\time.h", "C++", 0, 0, 0, 11, 0, 0, 0, 0, 0, 2, 13
"e:\BaiduSyncdisk\OCI\include\graphdriver\driver.h", "C++", 0, 0, 0, 97, 0, 0, 0, 0, 23, 10, 130
"e:\BaiduSyncdisk\OCI\include\homedir\homedir_unix.h", "C++", 0, 0, 0, 20, 0, 0, 0, 0, 0, 6, 26
"e:\BaiduSyncdisk\OCI\include\idtools\idtools.h", "C++", 0, 0, 0, 28, 0, 0, 0, 0, 0, 5, 33
"e:\BaiduSyncdisk\OCI\include\imagebuildah\build.h", "C++", 0, 0, 0, 18, 0, 0, 0, 0, 0, 3, 21
"e:\BaiduSyncdisk\OCI\include\imagebuildah\executor.h", "C++", 0, 0, 0, 185, 0, 0, 0, 0, 1, 8, 194
"e:\BaiduSyncdisk\OCI\include\imagebuildah\stage_executor.h", "C++", 0, 0, 0, 63, 0, 0, 0, 0, 14, 4, 81
"e:\BaiduSyncdisk\OCI\include\imagebuildah\util.h", "C++", 0, 0, 0, 16, 0, 0, 0, 0, 2, 3, 21
"e:\BaiduSyncdisk\OCI\include\imagebuilder\builder.h", "C++", 0, 0, 0, 137, 0, 0, 0, 0, 6, 13, 156
"e:\BaiduSyncdisk\OCI\include\imagebuilder\dispatchers.h", "C++", 0, 0, 0, 69, 0, 0, 0, 0, 0, 11, 80
"e:\BaiduSyncdisk\OCI\include\imagebuilder\evaluator.h", "C++", 0, 0, 0, 29, 0, 0, 0, 0, 1, 6, 36
"e:\BaiduSyncdisk\OCI\include\imagebuilder\internals.h", "C++", 0, 0, 0, 34, 0, 0, 0, 0, 6, 5, 45
"e:\BaiduSyncdisk\OCI\include\imagebuilder\shell_parser.h", "C++", 0, 0, 0, 38, 0, 0, 0, 0, 1, 5, 44
"e:\BaiduSyncdisk\OCI\include\init\init.h", "C++", 0, 0, 0, 6, 0, 0, 0, 0, 0, 3, 9
"e:\BaiduSyncdisk\OCI\include\init\init_cmd.h", "C++", 0, 0, 0, 6, 0, 0, 0, 0, 0, 3, 9
"e:\BaiduSyncdisk\OCI\include\init\init_global.h", "C++", 0, 0, 0, 33, 0, 0, 0, 0, 0, 3, 36
"e:\BaiduSyncdisk\OCI\include\internal\types.h", "C++", 0, 0, 0, 21, 0, 0, 0, 0, 2, 3, 26
"e:\BaiduSyncdisk\OCI\include\libimage\copier.h", "C++", 0, 0, 0, 50, 0, 0, 0, 0, 43, 44, 137
"e:\BaiduSyncdisk\OCI\include\libimage\events.h", "C++", 0, 0, 0, 31, 0, 0, 0, 0, 17, 2, 50
"e:\BaiduSyncdisk\OCI\include\libimage\image.h", "C++", 0, 0, 0, 26, 0, 0, 0, 0, 16, 22, 64
"e:\BaiduSyncdisk\OCI\include\libimage\manifest.h", "C++", 0, 0, 0, 11, 0, 0, 0, 0, 0, 2, 13
"e:\BaiduSyncdisk\OCI\include\libimage\normalize.h", "C++", 0, 0, 0, 10, 0, 0, 0, 0, 0, 4, 14
"e:\BaiduSyncdisk\OCI\include\libimage\pull.h", "C++", 0, 0, 0, 7, 0, 0, 0, 0, 0, 1, 8
"e:\BaiduSyncdisk\OCI\include\libimage\runtime.h", "C++", 0, 0, 0, 19, 0, 0, 0, 0, 4, 4, 27
"e:\BaiduSyncdisk\OCI\include\lockfile\lastwrite.h", "C++", 0, 0, 0, 26, 0, 0, 0, 0, 1, 1, 28
"e:\BaiduSyncdisk\OCI\include\lockfile\lockfile.h", "C++", 0, 0, 0, 55, 0, 0, 0, 0, 9, 2, 66
"e:\BaiduSyncdisk\OCI\include\logrus\alt_exit.h", "C++", 0, 0, 0, 10, 0, 0, 0, 0, 0, 0, 10
"e:\BaiduSyncdisk\OCI\include\logrus\bufferpool.h", "C++", 0, 0, 0, 39, 0, 0, 0, 0, 5, 8, 52
"e:\BaiduSyncdisk\OCI\include\logrus\entry.h", "C++", 0, 0, 0, 103, 0, 0, 0, 0, 12, 13, 128
"e:\BaiduSyncdisk\OCI\include\logrus\exported.h", "C++", 0, 0, 0, 54, 0, 0, 0, 0, 2, 3, 59
"e:\BaiduSyncdisk\OCI\include\logrus\formatter.h", "C++", 0, 0, 0, 13, 0, 0, 0, 0, 1, 2, 16
"e:\BaiduSyncdisk\OCI\include\logrus\hooks.h", "C++", 0, 0, 0, 25, 0, 0, 0, 0, 3, 6, 34
"e:\BaiduSyncdisk\OCI\include\logrus\json_formatter.h", "C++", 0, 0, 0, 7, 0, 0, 0, 0, 0, 4, 11
"e:\BaiduSyncdisk\OCI\include\logrus\logger.h", "C++", 0, 0, 0, 130, 0, 0, 0, 0, 30, 24, 184
"e:\BaiduSyncdisk\OCI\include\logrus\logrus.h", "C++", 0, 0, 0, 39, 0, 0, 0, 0, 22, 5, 66
"e:\BaiduSyncdisk\OCI\include\logrus\text_formatter.h", "C++", 0, 0, 0, 34, 0, 0, 0, 0, 2, 2, 38
"e:\BaiduSyncdisk\OCI\include\main\build.h", "C++", 0, 0, 0, 27, 0, 0, 0, 0, 15, 2, 44
"e:\BaiduSyncdisk\OCI\include\main\config.h", "C++", 0, 0, 0, 23, 0, 0, 0, 0, 15, 1, 39
"e:\BaiduSyncdisk\OCI\include\main\images.h", "C++", 0, 0, 0, 15, 0, 0, 0, 0, 16, 1, 32
"e:\BaiduSyncdisk\OCI\include\main\info.h", "C++", 0, 0, 0, 11, 0, 0, 0, 0, 10, 1, 22
"e:\BaiduSyncdisk\OCI\include\main\inspect.h", "C++", 0, 0, 0, 11, 0, 0, 0, 0, 10, 1, 22
"e:\BaiduSyncdisk\OCI\include\main\login.h", "C++", 0, 0, 0, 17, 0, 0, 0, 0, 15, 1, 33
"e:\BaiduSyncdisk\OCI\include\main\logout.h", "C++", 0, 0, 0, 15, 0, 0, 0, 0, 16, 3, 34
"e:\BaiduSyncdisk\OCI\include\main\pull.h", "C++", 0, 0, 0, 15, 0, 0, 0, 0, 15, 1, 31
"e:\BaiduSyncdisk\OCI\include\main\push.h", "C++", 0, 0, 0, 15, 0, 0, 0, 0, 15, 1, 31
"e:\BaiduSyncdisk\OCI\include\main\rmi.h", "C++", 0, 0, 0, 11, 0, 0, 0, 0, 10, 1, 22
"e:\BaiduSyncdisk\OCI\include\main\root.h", "C++", 0, 0, 0, 24, 0, 0, 0, 0, 22, 4, 50
"e:\BaiduSyncdisk\OCI\include\main\tag.h", "C++", 0, 0, 0, 11, 0, 0, 0, 0, 10, 1, 22
"e:\BaiduSyncdisk\OCI\include\main\version.h", "C++", 0, 0, 0, 15, 0, 0, 0, 0, 15, 1, 31
"e:\BaiduSyncdisk\OCI\include\manifest\docker_schema2.h", "C++", 0, 0, 0, 52, 0, 0, 0, 0, 10, 6, 68
"e:\BaiduSyncdisk\OCI\include\manifest\manifest.h", "C++", 0, 0, 0, 15, 0, 0, 0, 0, 0, 4, 19
"e:\BaiduSyncdisk\OCI\include\multierror\group.h", "C++", 0, 0, 0, 44, 0, 0, 0, 0, 1, 7, 52
"e:\BaiduSyncdisk\OCI\include\parse\buildkitparser.h", "C++", 0, 0, 0, 16, 0, 0, 0, 0, 0, 1, 17
"e:\BaiduSyncdisk\OCI\include\parse\dockerfileparse.h", "C++", 0, 0, 0, 88, 0, 0, 0, 0, 1, 13, 102
"e:\BaiduSyncdisk\OCI\include\parse\line_parsers.h", "C++", 0, 0, 0, 23, 0, 0, 0, 0, 0, 1, 24
"e:\BaiduSyncdisk\OCI\include\parse\parse.h", "C++", 0, 0, 0, 25, 0, 0, 0, 0, 1, 2, 28
"e:\BaiduSyncdisk\OCI\include\parse\split_command.h", "C++", 0, 0, 0, 11, 0, 0, 0, 0, 0, 2, 13
"e:\BaiduSyncdisk\OCI\include\pflag\value.h", "C++", 0, 0, 0, 88, 0, 0, 0, 0, 42, 2, 132
"e:\BaiduSyncdisk\OCI\include\platforms\default_unix.h", "C++", 0, 0, 0, 40, 0, 0, 0, 0, 2, 6, 48
"e:\BaiduSyncdisk\OCI\include\reference\container.h", "C++", 0, 0, 0, 10, 0, 0, 0, 0, 75, 6, 91
"e:\BaiduSyncdisk\OCI\include\reference\normalize.h", "C++", 0, 0, 0, 9, 0, 0, 0, 0, 0, 3, 12
"e:\BaiduSyncdisk\OCI\include\reference\reference.h", "C++", 0, 0, 0, 88, 0, 0, 0, 0, 2, 6, 96
"e:\BaiduSyncdisk\OCI\include\reference\regexp.h", "C++", 0, 0, 0, 13, 0, 0, 0, 0, 0, 3, 16
"e:\BaiduSyncdisk\OCI\include\reference\types.h", "C++", 0, 0, 0, 96, 0, 0, 0, 0, 23, 21, 140
"e:\BaiduSyncdisk\OCI\include\regexp\regexp.h", "C++", 0, 0, 0, 45, 0, 0, 0, 0, 0, 1, 46
"e:\BaiduSyncdisk\OCI\include\runtime_spec\config.h", "C++", 0, 0, 0, 7, 0, 0, 0, 0, 0, 4, 11
"e:\BaiduSyncdisk\OCI\include\runtime_spec\runtime2.h", "C++", 0, 0, 0, 31, 0, 0, 0, 0, 3, 7, 41
"e:\BaiduSyncdisk\OCI\include\runtime_spec\symtab.h", "C++", 0, 0, 0, 123, 0, 0, 0, 0, 14, 39, 176
"e:\BaiduSyncdisk\OCI\include\runtime_spec\type.h", "C++", 0, 0, 0, 36, 0, 0, 0, 0, 2, 8, 46
"e:\BaiduSyncdisk\OCI\include\rusage\rusage.h", "C++", 0, 0, 0, 56, 0, 0, 0, 0, 10, 3, 69
"e:\BaiduSyncdisk\OCI\include\rusage\rusage_unix.h", "C++", 0, 0, 0, 59, 0, 0, 0, 0, 12, 9, 80
"e:\BaiduSyncdisk\OCI\include\selinux\selinux.h", "C++", 0, 0, 0, 5, 0, 0, 0, 0, 0, 2, 7
"e:\BaiduSyncdisk\OCI\include\selinux\selinux_linux.h", "C++", 0, 0, 0, 23, 0, 0, 0, 0, 7, 9, 39
"e:\BaiduSyncdisk\OCI\include\semaphore\semaphore.h", "C++", 0, 0, 0, 35, 0, 0, 0, 0, 2, 4, 41
"e:\BaiduSyncdisk\OCI\include\shell\lex.h", "C++", 0, 0, 0, 58, 0, 0, 0, 0, 2, 10, 70
"e:\BaiduSyncdisk\OCI\include\signature\policy_config.h", "C++", 0, 0, 0, 18, 0, 0, 0, 0, 0, 5, 23
"e:\BaiduSyncdisk\OCI\include\signature\policy_eval.h", "C++", 0, 0, 0, 25, 0, 0, 0, 0, 0, 4, 29
"e:\BaiduSyncdisk\OCI\include\signature\policy_types.h", "C++", 0, 0, 0, 22, 0, 0, 0, 0, 0, 4, 26
"e:\BaiduSyncdisk\OCI\include\signer\signer.h", "C++", 0, 0, 0, 13, 0, 0, 0, 0, 0, 3, 16
"e:\BaiduSyncdisk\OCI\include\specs\specs.h", "C++", 0, 0, 0, 34, 0, 0, 0, 0, 25, 4, 63
"e:\BaiduSyncdisk\OCI\include\sshagent\sshagent.h", "C++", 0, 0, 0, 14, 0, 0, 0, 0, 1, 3, 18
"e:\BaiduSyncdisk\OCI\include\storage\images.h", "C++", 0, 0, 0, 30, 0, 0, 0, 0, 16, 16, 62
"e:\BaiduSyncdisk\OCI\include\storage\layers.h", "C++", 0, 0, 0, 16, 0, 0, 0, 0, 0, 3, 19
"e:\BaiduSyncdisk\OCI\include\storage\storage.h", "C++", 0, 0, 0, 400, 0, 0, 0, 0, 165, 95, 660
"e:\BaiduSyncdisk\OCI\include\storage\storage_reference.h", "C++", 0, 0, 0, 19, 0, 0, 0, 0, 0, 2, 21
"e:\BaiduSyncdisk\OCI\include\storage\storage_transport.h", "C++", 0, 0, 0, 26, 0, 0, 0, 0, 3, 5, 34
"e:\BaiduSyncdisk\OCI\include\strslice\strslice.h", "C++", 0, 0, 0, 10, 0, 0, 0, 0, 0, 3, 13
"e:\BaiduSyncdisk\OCI\include\sync\cond.h", "C++", 0, 0, 0, 13, 0, 0, 0, 0, 4, 3, 20
"e:\BaiduSyncdisk\OCI\include\sync\mutex.h", "C++", 0, 0, 0, 14, 0, 0, 0, 0, 16, 5, 35
"e:\BaiduSyncdisk\OCI\include\sync\once.h", "C++", 0, 0, 0, 9, 0, 0, 0, 0, 0, 2, 11
"e:\BaiduSyncdisk\OCI\include\sync\pool.h", "C++", 0, 0, 0, 40, 0, 0, 0, 0, 6, 14, 60
"e:\BaiduSyncdisk\OCI\include\system\lcow_unix.h", "C++", 0, 0, 0, 16, 0, 0, 0, 0, 4, 1, 21
"e:\BaiduSyncdisk\OCI\include\toml\decode.h", "C++", 0, 0, 0, 3, 0, 0, 0, 0, 0, 4, 7
"e:\BaiduSyncdisk\OCI\include\transports\transports.h", "C++", 0, 0, 0, 22, 0, 0, 0, 0, 0, 2, 24
"e:\BaiduSyncdisk\OCI\include\types\network.h", "C++", 0, 0, 0, 32, 0, 0, 0, 0, 18, 15, 65
"e:\BaiduSyncdisk\OCI\include\types\options.h", "C++", 0, 0, 0, 62, 0, 0, 0, 0, 37, 2, 101
"e:\BaiduSyncdisk\OCI\include\types\types.h", "C++", 0, 0, 0, 56, 0, 0, 0, 0, 21, 21, 98
"e:\BaiduSyncdisk\OCI\include\unshare\unshare.h", "C++", 0, 0, 0, 13, 0, 0, 0, 0, 0, 3, 16
"e:\BaiduSyncdisk\OCI\include\unshare\unshare_linux.h", "C++", 0, 0, 0, 8, 0, 0, 0, 0, 0, 2, 10
"e:\BaiduSyncdisk\OCI\include\util\util.h", "C++", 0, 0, 0, 18, 0, 0, 0, 0, 0, 7, 25
"e:\BaiduSyncdisk\OCI\include\v1\config.h", "C++", 0, 0, 0, 47, 0, 0, 0, 0, 24, 15, 86
"e:\BaiduSyncdisk\OCI\include\v1\descriptor.h", "C++", 0, 0, 0, 36, 0, 0, 0, 0, 0, 3, 39
"e:\BaiduSyncdisk\OCI\include\v1\mediatype.h", "C++", 0, 0, 0, 15, 0, 0, 0, 0, 11, 11, 37
"e:\BaiduSyncdisk\OCI\test.cpp", "C++", 0, 0, 0, 22, 0, 0, 0, 0, 13, 14, 49
"Total", "-", 2, 14, 358, 16661, 13, 10, 1, 48, 7432, 3307, 27846